{
  "Login User" : {
    "transaction" : "Login User",
    "sampleCount" : 400,
    "errorCount" : 0,
    "errorPct" : 0.0,
    "meanResTime" : 1192.779999999999,
    "medianResTime" : 1185.5,
    "minResTime" : 1108.0,
    "maxResTime" : 2527.0,
    "pct1ResTime" : 1225.9,
    "pct2ResTime" : 1237.9,
    "pct3ResTime" : 1981.4100000000005,
    "throughput" : 1.6646482806264071,
    "receivedKBytesPerSec" : 1.253395622391184,
    "sentKBytesPerSec" : 0.5250794869554
  },
  "Total" : {
    "transaction" : "Total",
    "sampleCount" : 1200,
    "errorCount" : 0,
    "errorPct" : 0.0,
    "meanResTime" : 592.8858333333344,
    "medianResTime" : 301.0,
    "minResTime" : 277.0,
    "maxResTime" : 2527.0,
    "pct1ResTime" : 1207.0,
    "pct2ResTime" : 1221.0,
    "pct3ResTime" : 1285.97,
    "throughput" : 4.872621551605122,
    "receivedKBytesPerSec" : 4.078679260701495,
    "sentKBytesPerSec" : 1.6654468193962821
  },
  "Create User" : {
    "transaction" : "Create User",
    "sampleCount" : 400,
    "errorCount" : 0,
    "errorPct" : 0.0,
    "meanResTime" : 292.1899999999999,
    "medianResTime" : 294.0,
    "minResTime" : 277.0,
    "maxResTime" : 315.0,
    "pct1ResTime" : 304.0,
    "pct2ResTime" : 306.0,
    "pct3ResTime" : 309.0,
    "throughput" : 1.651589035100396,
    "receivedKBytesPerSec" : 1.475607707346681,
    "sentKBytesPerSec" : 0.7467634016127767
  },
  "Search User" : {
    "transaction" : "Search User",
    "sampleCount" : 400,
    "errorCount" : 0,
    "errorPct" : 0.0,
    "meanResTime" : 293.6875000000002,
    "medianResTime" : 295.0,
    "minResTime" : 278.0,
    "maxResTime" : 325.0,
    "pct1ResTime" : 305.0,
    "pct2ResTime" : 307.0,
    "pct3ResTime" : 313.97,
    "throughput" : 1.6509141937347807,
    "receivedKBytesPerSec" : 1.427686088984275,
    "sentKBytesPerSec" : 0.42562631557224817
  }
}