{
  "Login User" : {
    "transaction" : "Login User",
    "sampleCount" : 2000,
    "errorCount" : 16,
    "errorPct" : 0.8,
    "meanResTime" : 1368.6429999999998,
    "medianResTime" : 1186.0,
    "minResTime" : 1103.0,
    "maxResTime" : 7164.0,
    "pct1ResTime" : 1256.9,
    "pct2ResTime" : 3121.0,
    "pct3ResTime" : 4155.95,
    "throughput" : 30.94825451844516,
    "receivedKBytesPerSec" : 23.427405549795743,
    "sentKBytesPerSec" : 9.76199825142362
  },
  "Total" : {
    "transaction" : "Total",
    "sampleCount" : 6000,
    "errorCount" : 98,
    "errorPct" : 1.6333333,
    "meanResTime" : 716.6673333333337,
    "medianResTime" : 305.0,
    "minResTime" : 274.0,
    "maxResTime" : 7287.0,
    "pct1ResTime" : 1205.0,
    "pct2ResTime" : 1514.4999999999982,
    "pct3ResTime" : 4130.0,
    "throughput" : 84.89444790310715,
    "receivedKBytesPerSec" : 71.11903870744666,
    "sentKBytesPerSec" : 29.01734787091799
  },
  "Create User" : {
    "transaction" : "Create User",
    "sampleCount" : 2000,
    "errorCount" : 7,
    "errorPct" : 0.35,
    "meanResTime" : 378.78500000000037,
    "medianResTime" : 295.0,
    "minResTime" : 275.0,
    "maxResTime" : 6284.0,
    "pct1ResTime" : 308.0,
    "pct2ResTime" : 316.0,
    "pct3ResTime" : 3284.99,
    "throughput" : 30.46783358469296,
    "receivedKBytesPerSec" : 27.280686940153558,
    "sentKBytesPerSec" : 13.77241290008074
  },
  "Search User" : {
    "transaction" : "Search User",
    "sampleCount" : 2000,
    "errorCount" : 75,
    "errorPct" : 3.75,
    "meanResTime" : 402.5739999999997,
    "medianResTime" : 299.0,
    "minResTime" : 274.0,
    "maxResTime" : 7287.0,
    "pct1ResTime" : 315.0,
    "pct2ResTime" : 328.9499999999998,
    "pct3ResTime" : 3283.99,
    "throughput" : 29.83872170916198,
    "receivedKBytesPerSec" : 25.685923443164693,
    "sentKBytesPerSec" : 7.697020650260343
  }
}